,Latitude,Longitude,Max Temp,Humidity,Cloudiness,Wind Speed,Country,Date,City_found
0,22.68,-3.98,102.87,10,0,14.81,ML,1597089302,Taoudenni
1,-29.66,17.89,45.37,59,0,3.42,ZA,1597089302,Springbok
2,35.16,112.86,84.0,1,97,4.97,CN,1597089303,Xixiang
3,60.34,102.28,58.03,68,0,1.52,RU,1597089303,Vanavara
4,-34.53,20.04,50.0,93,0,2.24,ZA,1597089303,Bredasdorp
5,-54.8,-68.3,30.2,92,75,4.7,AR,1597089074,Ushuaia
6,-23.12,-134.97,69.85,76,41,26.02,PF,1597089057,Rikitea
7,5.35,48.53,75.0,79,49,28.21,SO,1597089304,Hobyo
8,-46.19,168.86,46.99,85,71,8.01,NZ,1597089304,Mataura
9,62.23,-6.59,51.8,100,13,8.05,FO,1597089304,Klaksvík
10,22.08,-159.32,82.99,74,40,18.34,US,1597089222,Kapaa
11,60.14,-45.24,43.63,68,0,18.1,GL,1597089305,Nanortalik
12,13.22,-59.52,86.0,74,40,16.11,BB,1597089305,Bathsheba
13,25.52,90.22,75.96,93,100,5.19,IN,1597089305,Tura
14,-0.77,-47.45,81.63,82,73,4.41,BR,1597089160,Maracanã
15,-21.2,-175.2,71.6,78,40,6.93,TO,1597089306,Vaini
16,-33.93,18.42,55.0,93,20,9.17,ZA,1597089133,Cape Town
17,50.27,85.61,54.95,75,59,1.72,RU,1597089307,Ust'-Koksa
18,40.28,97.2,70.23,26,100,7.11,CN,1597089307,Yumen
19,-33.65,115.33,55.0,98,75,17.65,AU,1597089086,Busselton
20,-33.52,-53.37,63.05,84,79,5.79,BR,1597089307,Santa Vitória do Palmar
21,18.39,42.45,71.6,77,40,4.7,SA,1597089307,Faya
22,5.88,-73.57,72.19,68,100,2.19,CO,1597089308,Moniquirá
23,71.29,-156.79,39.2,93,90,10.29,US,1597089308,Barrow
24,13.07,-59.53,86.0,74,40,16.11,BB,1597089293,Oistins
25,41.76,86.15,71.28,52,1,10.56,CN,1597089308,Korla
26,32.98,74.95,75.9,84,0,4.12,IN,1597089309,Katra
27,-20.34,57.76,66.2,68,40,6.93,MU,1597089309,Bambous Virieux
28,50.23,-63.6,75.2,60,1,12.75,CA,1597089309,Havre-St-Pierre
29,-33.7,-53.46,61.72,85,80,5.14,UY,1597089309,Chui
30,11.53,106.92,74.07,96,100,3.76,VN,1597089310,Don Luan
31,65.28,-126.83,71.6,56,40,9.17,CA,1597089310,Norman Wells
32,68.75,161.3,39.43,82,95,12.73,RU,1597089310,Cherskiy
33,-28.65,153.62,59.0,58,90,12.75,AU,1597089310,Byron Bay
34,30.39,-86.5,91.4,63,20,6.93,US,1597089311,Destin
35,3.07,172.79,82.18,76,96,12.53,KI,1597089090,Butaritari
36,-3.67,152.43,78.1,80,82,3.6,PG,1597089311,Namatanai
37,58.65,30.3,54.84,86,0,5.57,RU,1597089311,Batetskiy
38,-9.8,-139.03,79.2,70,4,20.85,PF,1597089094,Atuona
39,-33.59,26.89,57.22,77,0,4.52,ZA,1597089312,Port Alfred
40,-42.88,147.33,37.4,86,0,8.05,AU,1597089151,Hobart
41,-24.79,-50.01,68.74,56,0,6.26,BR,1597089312,Castro
42,50.6,97.52,48.27,80,58,2.44,RU,1597089312,Kungurtug
43,35.13,140.3,82.4,78,75,13.87,JP,1597089312,Katsuura
44,-23.7,133.88,62.6,25,0,10.29,AU,1597089313,Alice Springs
45,54.15,-115.69,66.2,34,20,21.92,CA,1597089313,Whitecourt
46,50.68,156.12,51.53,90,97,0.87,RU,1597089313,Severo-Kuril'sk
47,-45.87,170.5,44.01,74,1,3.0,NZ,1597089019,Dunedin
48,-45.58,-72.07,41.0,60,75,3.36,CL,1597089313,Coyhaique
49,-46.13,167.68,46.99,85,80,8.01,NZ,1597089314,Tuatapere
50,57.73,61.25,55.0,95,100,14.67,RU,1597089314,Neyvo-Shaytanskiy
51,-13.3,-72.12,71.6,15,75,17.22,PE,1597089314,Urubamba
52,42.6,-73.97,91.0,65,17,5.08,US,1597089315,Albany
53,70.47,-68.59,41.0,86,90,11.41,CA,1597089315,Clyde River
54,-13.7,-76.22,64.0,82,40,9.17,PE,1597089143,Pisco
55,-8.26,-49.26,96.01,22,0,3.36,BR,1597089315,Conceição do Araguaia
56,51.72,108.27,53.6,93,100,2.24,RU,1597089316,Novaya Bryan’
57,-34.0,24.73,50.0,80,0,5.46,ZA,1597089316,Kruisfontein
58,-32.03,-52.1,84.2,48,62,4.7,BR,1597089177,Rio Grande
59,55.74,-97.86,60.8,82,75,12.75,CA,1597089113,Thompson
60,65.61,-37.64,41.0,93,90,17.22,GL,1597089316,Tasiilaq
61,37.1,-113.58,100.99,9,1,4.7,US,1597089316,Saint George
62,-2.02,147.27,80.28,74,14,2.26,PG,1597089317,Lorengau
63,-24.87,113.63,62.6,100,40,5.82,AU,1597089317,Carnarvon
64,59.63,112.74,54.21,74,30,2.82,RU,1597089317,Peleduy
65,10.93,108.1,77.86,86,99,8.55,VN,1597089318,Phan Thiet
66,-0.6,73.08,82.51,80,100,14.47,MV,1597089318,Hithadhoo
67,63.05,179.32,54.75,78,63,8.66,RU,1597089318,Beringovskiy
68,5.95,80.54,78.17,88,93,9.35,LK,1597089318,Matara
69,-42.78,147.06,36.0,90,0,2.98,AU,1597089319,New Norfolk
70,-8.47,140.33,76.44,89,4,9.98,ID,1597089305,Merauke
71,39.24,55.52,88.45,22,0,7.18,TM,1597089319,Bereket
72,15.85,-97.07,86.0,70,40,9.17,MX,1597089319,Puerto Escondido
73,53.08,45.68,63.0,43,0,3.94,RU,1597089319,Sursk
74,-33.92,25.57,51.8,87,0,3.36,ZA,1597089320,Port Elizabeth
75,57.14,-2.1,59.0,87,100,4.7,GB,1597089320,Aberdeen
76,28.23,83.98,72.9,75,100,2.51,NP,1597089320,Pokhara
77,-53.15,-70.92,33.8,86,40,26.4,CL,1597089320,Punta Arenas
78,59.7,30.79,62.6,51,75,11.18,RU,1597089320,Nikolskoye
79,41.99,14.99,75.99,62,0,3.2,IT,1597089321,Termoli
80,69.45,-133.04,48.2,76,90,3.36,CA,1597089321,Tuktoyaktuk
81,8.51,-73.45,79.27,81,90,2.06,CO,1597089321,El Carmen
82,66.04,-17.34,64.4,59,20,12.75,IS,1597089321,Husavik
83,-28.77,114.6,62.6,67,90,14.99,AU,1597089322,Geraldton
84,19.22,-104.7,86.0,74,40,8.75,MX,1597089322,San Patricio
85,-46.6,168.33,46.99,85,98,8.01,NZ,1597089322,Bluff
86,-0.95,100.35,77.05,77,78,4.72,ID,1597089176,Padang
87,-38.0,-57.56,55.99,37,0,14.99,AR,1597089065,Mar del Plata
88,51.84,37.71,64.92,71,92,4.25,RU,1597089323,Kshenskiy
89,61.28,108.01,54.95,66,0,2.95,RU,1597089109,Yerbogachën
90,4.41,114.01,77.0,94,20,2.24,MY,1597089323,Marabu
91,38.5,38.0,84.2,32,23,4.7,TR,1597089324,Malatya Province
92,44.83,78.82,63.79,38,6,9.78,KZ,1597089324,Tekeli
93,24.34,124.16,85.32,80,100,27.58,JP,1597089324,Ishigaki
94,1.3,124.91,73.4,94,20,1.12,ID,1597089324,Tondano
95,-13.51,28.16,59.27,35,65,7.0,ZM,1597089325,Mpongwe
96,-0.72,8.78,77.0,83,75,15.12,GA,1597089325,Port-Gentil
97,41.37,-73.41,91.99,46,20,8.05,US,1597089324,Bethel
98,64.25,-15.21,51.8,100,90,6.93,IS,1597089326,Hofn
99,48.92,2.33,87.01,37,16,4.7,FR,1597089326,Arrondissement de Saint-Denis
100,61.95,159.23,54.18,84,23,3.29,RU,1597089326,Evensk
101,36.96,36.2,82.0,77,89,4.83,TR,1597089327,Erzin
102,-30.18,-50.21,73.67,61,0,4.38,BR,1597089327,Cidreira
103,-20.41,57.7,66.2,68,40,6.93,MU,1597089327,Mahébourg
104,71.92,114.08,40.28,71,24,6.08,RU,1597089327,Saskylakh
105,-22.97,-42.03,77.0,65,5,16.11,BR,1597089328,Arraial do Cabo
106,38.52,-28.7,75.2,60,20,17.22,PT,1597089328,Ribeira Grande
107,-16.1,167.42,68.0,100,75,5.82,VU,1597089328,Lakatoro
108,45.75,1.33,86.0,40,34,4.7,FR,1597089328,Arrondissement de Limoges
109,-20.32,118.57,66.2,77,90,10.29,AU,1597089329,Port Hedland
110,50.1,-91.92,77.0,33,20,13.87,CA,1597089093,Sioux Lookout
111,54.43,113.6,54.34,85,91,3.42,RU,1597089329,Bagdarin
112,5.41,100.34,82.4,88,40,3.36,MY,1597089059,George Town
113,31.81,121.66,82.99,90,100,1.99,CN,1597089330,Huilong
114,78.22,15.64,48.2,81,75,11.41,SJ,1597089330,Longyearbyen
115,37.73,-25.67,75.2,69,40,14.99,PT,1597089195,Ponta Delgada
116,42.43,130.64,69.85,94,96,3.38,RU,1597089330,Khasan
117,3.87,-67.92,80.04,82,90,3.74,CO,1597089331,Inírida
118,-40.81,-63.0,44.01,61,100,13.0,AR,1597089300,Viedma
119,66.94,-53.67,43.56,73,100,13.22,GL,1597089331,Sisimiut
120,-19.7,-46.17,68.54,50,86,5.12,BR,1597089188,Campos Altos
121,71.97,102.5,40.12,81,0,4.72,RU,1597089081,Khatanga
122,45.02,-93.22,78.8,44,1,5.82,US,1597089332,Saint Anthony
123,41.28,-70.1,78.8,78,40,14.99,US,1597089117,Nantucket
124,27.2,60.68,100.4,42,46,4.7,IR,1597089332,Iranshahr
125,49.22,143.12,58.87,97,100,5.44,RU,1597089333,Poronaysk
126,62.46,-114.35,68.0,68,75,10.29,CA,1597089333,Yellowknife
127,-33.01,17.94,50.0,81,0,2.24,ZA,1597089333,Saldanha
128,-38.27,141.97,48.09,68,100,12.21,AU,1597089333,Codrington
129,36.62,-121.92,78.01,60,1,4.7,US,1597089333,Pacific Grove
130,57.79,-152.41,60.8,51,1,16.11,US,1597089103,Saint Paul Harbor
131,-45.42,167.72,38.34,85,46,3.04,NZ,1597089334,Te Anau
132,35.73,140.83,81.0,83,40,5.82,JP,1597089334,Hasaki
133,45.12,124.86,69.76,86,12,12.19,CN,1597089335,Songyuan
134,-3.08,34.15,67.55,34,0,3.18,TZ,1597089335,Kisesa
135,42.1,-79.24,84.99,58,40,8.05,US,1597089276,Jamestown
136,59.06,80.86,62.85,74,2,6.2,RU,1597089335,Kargasok
137,-19.45,29.82,56.12,38,0,5.79,ZW,1597089335,Gweru
138,26.19,107.51,70.38,93,98,1.61,CN,1597089336,Xiaoweizhai
139,13.08,109.3,81.34,67,99,10.16,VN,1597089336,Tuy Hoa
140,-5.2,-35.46,80.6,61,2,13.87,BR,1597089336,Touros
141,50.72,136.63,60.42,93,69,3.09,RU,1597089336,Solnechnyy
142,60.92,-46.05,55.4,43,20,9.17,GL,1597089336,Narsaq
143,15.12,108.8,78.6,81,2,4.88,VN,1597089337,Quang Ngai
144,22.29,114.16,84.0,74,100,8.01,HK,1597089186,Hong Kong
145,-14.37,23.24,63.61,29,0,5.01,ZM,1597089337,Lukulu
146,69.49,88.4,51.8,100,90,2.24,RU,1597089337,Talnakh
147,44.93,38.37,81.0,42,4,1.01,RU,1597089337,Krasnooktyabrskiy
148,34.17,77.58,64.85,35,8,6.24,IN,1597089338,Leh
149,5.79,0.9,75.2,88,20,11.41,GH,1597089338,Anloga
150,-11.1,-77.61,65.41,68,16,10.49,PE,1597089077,Hualmay
151,-21.36,55.77,68.0,52,75,8.05,RE,1597089338,Saint-Philippe
152,41.04,-83.65,89.6,52,20,11.41,US,1597089339,Findlay
153,-37.62,-73.65,48.65,62,1,14.61,CL,1597089339,Lebu
154,4.05,38.3,62.51,74,0,5.77,ET,1597089339,Mēga
155,35.2,26.25,77.02,75,0,21.45,GR,1597089339,Palekastro
156,18.74,7.39,81.91,62,100,28.83,NE,1597089102,Arlit
157,52.05,29.25,65.08,85,68,3.09,BY,1597089340,Mazyr
158,65.97,29.18,50.0,81,90,8.05,FI,1597089340,Kuusamo
159,-46.28,169.85,46.99,64,56,10.0,NZ,1597089340,Kaitangata
160,-15.2,12.15,63.63,84,67,1.52,AO,1597089340,Mossamedes
161,5.66,-53.78,82.85,77,99,11.27,GF,1597089341,Mana
162,51.61,16.86,77.0,55,100,4.0,PL,1597089341,Rawicz
163,-34.42,19.23,50.0,93,0,12.15,ZA,1597089341,Hermanus
164,51.18,71.45,59.0,87,39,4.47,KZ,1597089342,Nur-Sultan
165,44.37,-100.35,84.99,26,1,5.06,US,1597089342,Pierre
166,63.01,112.47,60.53,52,95,11.41,RU,1597089342,Chernyshevskiy
167,-0.74,-90.35,77.0,65,83,11.41,EC,1597089342,Puerto Ayora
168,-35.33,-72.42,53.74,59,15,11.54,CL,1597089342,Constitución
169,50.02,-125.24,68.0,52,75,11.41,CA,1597089214,Campbell River
170,38.42,-121.42,91.0,30,5,7.05,US,1597089066,Laguna
171,-35.17,173.17,59.67,95,100,12.26,NZ,1597089343,Ahipara
172,-25.4,-70.48,61.68,64,23,3.06,CL,1597089343,Taltal
173,14.35,121.02,80.01,83,100,3.36,PH,1597089344,City of San Pedro
174,65.75,150.85,44.8,84,100,7.67,RU,1597089344,Zyryanka
175,-21.34,55.48,68.0,52,75,8.05,RE,1597089344,Saint-Pierre
176,20.79,-156.47,84.2,62,40,21.92,US,1597089344,Kīhei
177,-3.8,102.27,76.69,91,91,3.94,ID,1597089345,Bengkulu
178,31.87,35.45,68.0,90,94,8.01,PS,1597089345,Jericho
179,-21.21,-159.78,71.6,68,2,8.05,CK,1597089342,Avarua
180,3.94,41.87,85.32,39,86,13.98,KE,1597089345,Mandera
181,25.12,62.33,85.14,85,98,10.18,PK,1597089345,Gwadar
182,-9.08,143.21,77.81,86,92,11.86,PG,1597089346,Daru
183,6.19,-67.49,87.8,58,40,8.05,CO,1597089346,Puerto Carreño
184,47.69,40.1,75.2,41,0,8.95,RU,1597089346,Mayskiy
185,69.7,170.31,39.72,100,100,6.55,RU,1597089346,Pevek
186,58.81,-122.7,64.4,45,75,12.75,CA,1597089347,Fort Nelson
187,-2.54,-57.76,93.16,40,60,2.21,BR,1597089347,Urucará
188,39.05,-27.98,70.63,71,42,10.11,PT,1597089347,Lagoa
189,-33.04,-71.63,69.8,45,37,13.87,CL,1597089095,Valparaíso
190,-33.96,22.46,51.8,76,0,9.17,ZA,1597089348,George
191,29.6,-90.72,95.0,59,40,4.7,US,1597089057,Houma
192,38.89,-76.51,91.0,62,1,12.75,US,1597089348,Mayo
193,4.92,6.26,75.02,82,100,5.68,NG,1597089348,Yenagoa
194,-0.58,117.09,74.12,95,53,1.61,ID,1597089348,Loa Janan
195,71.69,128.87,38.64,84,85,8.61,RU,1597089054,Tiksi
196,-20.78,117.13,65.03,72,0,9.66,AU,1597089349,Roebourne
197,-18.06,13.84,57.42,43,0,3.69,NA,1597089349,Opuwo
198,-2.5,-66.27,88.11,57,91,1.45,BR,1597089349,Fonte Boa
199,-23.85,151.25,50.0,71,0,1.12,AU,1597089350,Gladstone
200,43.75,-81.72,88.0,73,64,3.0,CA,1597089350,Goderich
201,-16.48,-151.75,77.92,64,1,6.33,PF,1597089350,Faanui
202,69.38,178.42,49.59,66,99,11.41,RU,1597089350,Leningradskiy
203,33.19,-82.53,93.0,55,1,4.05,US,1597089350,Avera
204,-33.02,27.91,61.27,66,0,7.34,ZA,1597089351,East London
205,57.47,31.12,55.83,87,0,5.73,RU,1597089351,Poddor'ye
206,58.04,65.27,64.09,98,100,10.6,RU,1597089351,Tavda
207,7.62,-11.83,74.37,88,95,4.29,SL,1597089352,Mattru
208,-43.3,-65.1,47.53,45,88,31.23,AR,1597089352,Rawson
209,70.03,20.97,53.6,87,75,10.29,NO,1597089352,Skjervøy
210,19.73,-155.09,82.4,65,1,4.7,US,1597089352,Hilo
211,13.52,35.77,70.21,81,37,4.12,SD,1597089353,Doka
212,77.48,-69.36,44.31,55,3,5.84,GL,1597089353,Qaanaaq
213,40.91,69.8,77.0,41,22,9.17,UZ,1597089353,Nurobod
214,-34.68,150.87,52.0,89,10,7.81,AU,1597089353,Kiama
215,63.44,-20.27,52.36,95,100,21.74,IS,1597089353,Vestmannaeyjar
216,-29.95,-71.34,60.8,67,100,11.41,CL,1597089354,Coquimbo
217,4.77,33.59,76.77,59,1,5.64,SS,1597089354,Kapoeta
218,-17.71,-39.25,70.47,89,100,5.97,BR,1597089354,Caravelas
219,12.48,-16.55,80.6,88,40,6.93,SN,1597089354,Oussouye
220,-22.35,16.13,53.91,38,0,2.39,NA,1597089354,Otjimbingwe
221,-12.23,136.77,64.4,88,83,3.36,AU,1597089355,Nhulunbuy
222,22.57,59.53,83.12,75,27,8.39,OM,1597089355,Sur
223,-18.32,47.12,50.0,81,0,1.12,MG,1597089355,Ankazobe
224,26.12,127.67,84.2,89,75,14.99,JP,1597089355,Itoman
225,64.38,-173.3,51.8,81,90,8.95,RU,1597089355,Provideniya
226,60.47,166.1,52.07,83,100,5.84,RU,1597089356,Tilichiki
227,-20.73,139.5,41.0,75,0,7.11,AU,1597089356,Mount Isa
228,34.98,139.87,82.99,78,1,13.87,JP,1597089356,Tateyama
229,-8.16,-70.77,91.53,41,95,1.99,BR,1597089356,Tarauacá
230,7.42,81.82,80.94,77,95,2.59,LK,1597089357,Kalmunai
231,72.79,-56.15,41.92,77,7,7.81,GL,1597089357,Upernavik
232,49.78,-74.85,80.6,54,1,14.99,CA,1597089357,Chapais
233,63.75,-68.51,44.6,75,75,8.05,CA,1597089357,Iqaluit
234,40.6,-124.16,73.99,64,1,3.0,US,1597089357,Fortuna
235,-6.13,12.37,73.2,85,41,9.53,AO,1597089358,Soyo
236,40.81,114.88,66.47,48,1,3.36,CN,1597089358,Zhangjiakou
237,54.43,31.9,62.8,89,21,5.97,RU,1597089358,Sobolevo
238,-5.95,29.19,70.21,57,0,3.65,CD,1597089358,Kalemie
239,-34.73,135.87,54.39,71,100,18.7,AU,1597089358,Port Lincoln
240,51.03,-4.22,66.0,92,60,3.0,GB,1597089359,Northam
241,14.3,-91.92,91.4,55,75,9.17,GT,1597089359,Champerico
242,-27.8,-64.26,78.46,26,99,13.06,AR,1597089359,Santiago del Estero
243,68.22,-135.01,50.0,76,90,4.7,CA,1597089359,Aklavik
244,33.08,-16.33,75.2,69,20,12.75,PT,1597089360,Camacha
245,-35.1,173.78,57.0,3,100,11.01,NZ,1597089360,Kaeo
246,52.7,118.81,59.02,91,100,2.13,RU,1597089361,Ust'-Karsk
247,-14.66,17.69,61.29,31,0,4.61,AO,1597089361,Menongue
248,6.49,17.46,71.58,92,100,1.32,CF,1597089361,Bossangoa
249,27.98,-114.06,85.57,41,0,10.07,MX,1597089179,Guerrero Negro
250,26.53,86.75,80.62,84,100,5.99,NP,1597089362,Rājbirāj
251,57.9,-5.16,62.01,75,99,1.01,GB,1597089362,Ullapool
252,58.72,9.23,63.0,77,0,9.37,NO,1597089362,Risør
253,-25.3,152.85,51.01,77,0,5.01,AU,1597089363,Hervey Bay
254,-9.11,124.89,70.25,89,43,3.04,ID,1597089363,Atambua
255,-29.95,-51.63,87.8,33,8,11.41,BR,1597089363,Charqueadas
256,17.21,120.41,79.65,83,100,4.88,PH,1597089363,Darapidap
257,-33.87,121.9,53.6,87,90,20.8,AU,1597089364,Esperance
258,34.88,-76.9,88.0,72,10,1.01,US,1597089364,Havelock
259,73.51,80.55,41.34,93,100,15.5,RU,1597089364,Dikson
260,64.89,-23.71,51.96,95,100,17.69,IS,1597089364,Olafsvik
261,5.38,-52.95,82.98,76,100,12.21,GF,1597089364,Sinnamary
262,26.54,-77.06,83.73,72,23,4.47,BS,1597089365,Marsh Harbour
263,9.18,105.15,78.8,89,100,2.55,VN,1597089344,Ca Mau
264,-41.87,-73.82,44.6,75,20,8.05,CL,1597089365,Ancud
265,-34.2,142.15,48.2,81,100,8.05,AU,1597089366,Mildura
266,70.63,147.92,40.98,69,100,8.34,RU,1597089366,Chokurdakh
267,21.46,-71.14,82.29,79,100,15.77,TC,1597089366,Cockburn Town
268,-31.43,152.92,55.99,80,99,4.0,AU,1597089367,Port Macquarie
269,50.57,123.72,55.53,90,75,1.74,CN,1597089367,Alihe
270,1.49,124.85,73.4,94,20,1.12,ID,1597089367,Manado
271,-19.06,-169.92,69.8,83,20,5.82,NU,1597089368,Alofi
272,-7.95,110.28,74.3,89,100,5.66,ID,1597089368,Bambanglipuro
273,-8.76,-63.9,95.0,32,40,4.7,BR,1597089368,Porto Velho
274,-0.88,131.25,77.94,86,44,6.17,ID,1597089368,Sorong
275,43.65,111.98,70.84,29,96,6.8,CN,1597089369,Erenhot
276,65.53,72.52,63.19,78,72,7.11,RU,1597089369,Nadym
277,6.37,126.17,82.2,78,99,8.05,PH,1597089369,Pundaguitan
278,60.1,19.93,55.4,76,25,2.24,AX,1597089369,Mariehamn
279,-1.52,-52.58,89.4,48,86,3.8,BR,1597089370,Almeirim
280,-20.21,57.76,66.2,68,40,6.93,MU,1597089370,Quatre Cocos
281,-22.12,14.28,55.0,87,0,7.18,NA,1597089370,Henties Bay
282,5.26,120.08,80.37,88,70,4.9,PH,1597089370,Languyan
283,-1.4,120.75,77.85,73,27,2.86,ID,1597089371,Poso
284,-27.36,-53.39,84.0,47,0,1.01,BR,1597089371,Frederico Westphalen
285,35.3,37.18,70.86,80,0,14.56,SY,1597089371,Abu Samrah
286,56.83,86.63,59.14,76,0,6.69,RU,1597089371,Zyryanskoye
287,8.46,36.35,55.08,100,95,2.3,ET,1597089371,Bedelē
288,-19.55,169.27,73.4,88,75,3.36,VU,1597089372,Isangel
289,-45.75,170.57,45.0,73,0,4.0,NZ,1597089372,Waitati
290,21.35,-158.09,84.2,58,40,5.82,US,1597089372,Makakilo City
291,-25.17,45.05,62.28,86,0,6.08,MG,1597089372,Beloha
292,52.33,-6.46,66.99,82,75,1.12,IE,1597089268,Wexford
293,54.67,20.13,69.8,73,92,11.18,RU,1597089373,Tsimmerbude
294,26.18,127.76,84.2,89,75,14.99,JP,1597089373,Nishihara
295,55.1,-105.28,66.2,55,75,19.46,CA,1597089373,La Ronge
296,22.48,92.97,73.08,94,100,2.44,IN,1597089374,Saiha
297,-43.53,172.63,41.0,86,0,3.36,NZ,1597089373,Christchurch
298,55.18,53.8,54.32,76,12,11.81,RU,1597089374,Bakaly
299,7.71,81.69,80.13,74,95,8.32,LK,1597089374,Batticaloa
300,27.15,57.08,91.4,79,40,9.17,IR,1597089375,Mīnāb
301,56.42,10.88,71.6,73,0,3.36,DK,1597089375,Grenå
302,-25.24,130.99,62.6,100,90,8.05,AU,1597089375,Yulara
303,20.5,-10.07,106.12,14,86,11.59,MR,1597089313,Adrar
304,1.55,110.33,77.0,100,20,3.36,MY,1597089376,Kuching
305,-28.78,32.04,61.18,66,0,1.97,ZA,1597089376,Richards Bay
306,14.69,-17.44,82.4,74,20,9.17,SN,1597089376,Dakar
307,-4.27,-81.21,73.4,64,17,11.41,PE,1597089376,El Alto
308,8.13,77.3,78.8,94,90,2.24,IN,1597089376,Manavālakurichi
309,12.78,45.04,89.71,60,72,7.18,YE,1597089320,Aden
310,47.17,-55.15,70.74,73,78,11.25,CA,1597089377,Marystown
311,6.12,81.12,80.04,79,95,15.61,LK,1597089377,Hambantota
312,63.3,10.48,64.0,77,100,3.36,NO,1597089377,Klæbu
313,38.42,77.24,73.29,32,30,2.39,CN,1597089378,Shache
314,37.17,-119.83,98.01,24,0,4.0,US,1597089378,Madera
315,21.07,-104.07,84.99,57,99,1.1,MX,1597089378,Hostotipaquillo
316,29.33,113.09,78.12,87,0,2.68,CN,1597089378,Yueyang
317,18.9,-3.53,102.4,10,4,3.2,ML,1597089379,Araouane
318,55.3,-123.17,60.8,44,90,11.41,CA,1597089379,Mackenzie
319,46.42,3.91,75.2,60,100,5.82,FR,1597089379,Saint-François
320,3.66,-76.69,87.8,48,75,5.82,CO,1597089379,Dagua
321,55.78,-118.84,64.4,39,75,20.8,CA,1597089379,Spirit River
322,46.23,14.17,73.0,81,100,2.1,SI,1597089380,Železniki
323,20.93,-17.03,73.4,78,100,21.92,MR,1597089380,Nouadhibou
324,66.32,-179.17,49.23,85,83,2.3,RU,1597089380,Egvekinot
325,37.18,-113.29,100.99,11,0,1.99,US,1597089380,Hurricane
326,47.67,-52.73,81.0,54,75,12.75,CA,1597089381,Torbay
327,-12.04,-77.03,62.6,72,90,13.87,PE,1597089321,Lima
328,-5.89,-35.76,80.6,61,36,13.87,BR,1597089381,São Paulo do Potengi
329,2.67,72.89,82.22,76,100,10.49,MV,1597089381,Kudahuvadhoo
330,37.57,126.98,77.0,100,90,7.56,KR,1597089348,Seoul
331,34.8,-106.54,97.0,14,40,3.36,US,1597089382,Meadow Lake
332,2.18,22.47,73.56,90,60,2.48,CD,1597089382,Bumba
333,-16.92,145.77,62.6,77,90,5.82,AU,1597089160,Cairns
334,-19.98,23.42,60.8,41,0,1.12,BW,1597089382,Maun
335,69.22,-51.1,46.4,61,40,6.93,GL,1597089116,Ilulissat
336,25.93,81.98,85.15,76,100,6.22,IN,1597089383,Bela
337,12.16,6.66,74.37,87,99,9.86,NG,1597089383,Gusau
338,36.56,104.21,70.0,100,40,2.24,CN,1597089383,Baiyin
339,-7.26,-64.8,100.99,22,0,2.68,BR,1597089383,Lábrea
340,-10.75,-77.77,64.38,71,7,12.35,PE,1597089384,Barranca
341,50.61,105.32,54.73,67,14,3.22,RU,1597089384,Petropavlovka
342,66.56,67.8,49.39,95,100,12.64,RU,1597089384,Aksarka
343,26.42,-81.42,95.0,66,1,4.7,US,1597089281,Immokalee
344,70.37,31.11,50.0,87,75,11.41,NO,1597089385,Vardø
345,66.5,25.72,51.8,76,0,4.7,FI,1597089385,Rovaniemi
346,22.2,113.55,84.2,83,40,11.41,MO,1597089341,Macao
347,7.77,-72.22,91.4,41,40,20.8,VE,1597089385,San Cristobal
348,42.25,-75.83,90.0,54,40,6.93,US,1597089385,Broome
349,-10.13,-36.18,73.76,74,0,7.67,BR,1597089386,Coruripe
350,6.5,2.6,77.0,88,40,11.41,BJ,1597089386,Porto-Novo
351,47.47,-94.88,77.0,31,1,16.11,US,1597089386,Bemidji
352,-9.17,-60.63,98.67,20,35,2.57,BR,1597089386,Aripuanã
353,24.69,46.72,95.0,12,53,10.29,SA,1597089205,Riyadh
354,-19.68,-51.19,87.57,23,0,3.33,BR,1597089387,Paranaíba
355,41.19,61.4,74.82,26,0,10.2,TM,1597089387,Gazojak
356,-26.79,-60.44,93.11,22,0,7.58,AR,1597089387,Presidencia Roque Sáenz Peña
357,3.04,29.54,65.86,98,99,1.77,CD,1597089387,Watsa
358,71.04,27.85,50.0,93,75,12.75,NO,1597089388,Mehamn
359,-36.32,145.05,44.01,87,92,1.01,AU,1597089388,Kyabram
360,-1.57,9.26,73.72,79,63,8.75,GA,1597089388,Omboué
361,58.61,5.65,64.0,94,89,3.76,NO,1597089388,Varhaug
362,5.97,80.42,78.28,88,94,8.79,LK,1597089389,Weligama
363,51.15,37.89,65.3,66,59,3.2,RU,1597089389,Novikovo
364,40.16,-8.33,71.01,76,100,1.01,PT,1597089389,Lata
365,20.7,-105.2,91.0,66,40,8.05,MX,1597089389,Ixtapa
366,45.84,-119.29,84.99,28,1,5.82,US,1597089390,Hermiston
367,28.66,-17.92,75.2,73,20,17.22,ES,1597089390,Los Llanos de Aridane
368,-13.28,-50.16,91.92,21,0,5.55,BR,1597089390,São Miguel do Araguaia
369,63.28,118.33,52.99,80,100,3.94,RU,1597089390,Nyurba
370,17.96,-102.2,89.78,60,90,5.68,MX,1597089390,Lázaro Cárdenas
371,28.37,129.48,84.2,89,75,6.93,JP,1597089391,Naze
372,38.73,-27.07,77.0,65,20,12.39,PT,1597089391,Praia da Vitória
373,24.47,54.37,95.0,71,20,5.82,AE,1597089340,Abu Dhabi
374,22.89,-109.91,88.0,62,75,11.41,MX,1597089391,Cabo San Lucas
375,44.2,-77.05,88.0,68,81,7.0,CA,1597089391,Deseronto
376,39.23,106.34,72.86,48,28,7.23,CN,1597089392,Shitanjing
377,4.93,-52.33,82.4,78,81,3.36,GF,1597089392,Cayenne
378,20.89,-156.47,84.2,62,40,21.92,US,1597089261,Kahului
379,70.86,29.09,50.0,93,75,12.75,NO,1597089392,Berlevåg
380,44.39,-1.17,73.4,88,100,4.7,FR,1597089393,Biscarrosse
381,59.38,143.3,58.55,90,100,6.76,RU,1597089393,Okhotsk
382,34.26,-85.16,84.99,83,75,10.29,US,1597089364,Rome
383,42.8,93.45,71.65,54,100,14.79,CN,1597089393,Kumul
384,27.67,-105.17,94.77,19,0,7.87,MX,1597089393,Camargo
385,53.94,139.92,57.74,100,100,4.68,RU,1597089394,Mnogovershinnyy
386,33.28,134.15,81.95,87,100,6.89,JP,1597089394,Muroto-misakicho
387,37.46,-122.43,77.0,82,20,9.17,US,1597089394,Half Moon Bay
388,42.43,68.8,80.6,30,0,11.18,KZ,1597089394,Arys
389,45.66,-68.71,86.0,45,40,4.7,US,1597089129,Millinocket
390,44.9,-89.77,79.0,69,90,14.99,US,1597089395,Marathon
391,8.6,124.47,75.0,89,69,5.99,PH,1597089395,Moog
392,33.85,-118.05,81.0,54,1,4.7,US,1597089395,La Palma
393,27.69,111.66,77.27,88,17,0.47,CN,1597089395,Lianyuan
394,36.78,-6.35,79.0,83,0,8.05,ES,1597089396,Sanlúcar de Barrameda
395,22.73,-81.29,89.6,70,75,12.75,CU,1597089396,Pedro Betancourt
396,65.58,-171.0,51.08,66,0,5.61,RU,1597089396,Lavrentiya
397,61.07,50.1,48.54,86,29,2.55,RU,1597089397,Vizinga
398,13.21,12.02,81.25,67,64,10.94,NE,1597089397,Maïné Soroa
399,69.3,139.9,35.01,87,55,3.18,RU,1597089397,Deputatsky
400,63.45,120.32,49.57,82,100,2.44,RU,1597089397,Verkhnevilyuysk
401,38.69,16.55,77.0,88,13,2.24,IT,1597089397,Soverato Marina
402,-31.93,115.83,60.01,72,20,13.87,AU,1597089398,Perth
403,18.73,-103.68,82.4,74,40,4.97,MX,1597089398,Coahuayana Viejo
404,-34.48,-54.33,59.74,70,1,13.42,UY,1597089398,Rocha
405,49.6,128.68,62.1,91,0,5.61,RU,1597089398,Poyarkovo
406,41.74,-111.83,84.99,26,1,10.78,US,1597089214,Logan
407,13.83,20.83,75.52,77,91,3.44,TD,1597089399,Abéché
408,11.67,92.75,81.97,84,100,16.04,IN,1597089399,Port Blair
409,54.77,-101.86,64.4,68,90,16.11,CA,1597089399,Flin Flon
410,39.3,9.2,86.0,48,0,4.7,IT,1597089399,Sinnai
411,48.85,-54.01,68.0,88,75,5.82,CA,1597089400,Hare Bay
412,-3.84,-62.06,94.5,36,40,1.48,BR,1597089400,Codajás
413,-12.02,17.48,63.79,29,1,4.12,AO,1597089400,Camacupa
414,59.45,26.87,63.73,64,0,14.29,EE,1597089400,Aseri
415,37.27,-87.18,91.99,55,1,4.7,US,1597089401,Morehead
416,59.58,151.28,55.02,76,75,1.7,RU,1597089401,Ola
417,31.89,-85.15,93.99,74,90,3.27,US,1597089401,Eufaula
418,-38.65,-72.23,48.2,70,75,10.29,CL,1597089401,Vilcún
419,40.8,-96.67,84.99,51,1,8.05,US,1597089402,Lincoln
420,-8.93,125.41,57.69,100,58,1.34,TL,1597089402,Airai
421,36.67,48.48,65.66,63,21,7.11,IR,1597089402,Zanjān
422,47.8,67.71,67.78,42,49,12.35,KZ,1597089402,Zhezkazgan
423,38.21,67.2,72.41,29,0,7.81,UZ,1597089403,Boysun
424,-31.41,-64.18,69.01,15,4,10.29,AR,1597089403,Córdoba
425,55.56,98.66,55.45,76,0,1.34,RU,1597089403,Alzamay
426,19.28,-81.25,89.6,66,40,10.29,KY,1597089403,Bodden Town
427,-23.86,35.38,68.0,82,40,4.7,MZ,1597089404,Inhambane
428,-9.01,-35.22,73.99,81,43,9.44,BR,1597089346,Maragogi
429,31.21,16.59,79.83,74,0,13.47,LY,1597089365,Sirte
430,10.57,72.64,81.75,79,100,20.69,IN,1597089404,Kavaratti
431,23.12,113.25,87.01,74,20,4.47,CN,1597089208,Guangzhou
432,34.64,-120.46,68.0,64,1,10.29,US,1597089405,Lompoc
433,63.84,-22.43,51.8,100,90,19.46,IS,1597089405,Grindavik
434,63.76,121.62,47.35,92,100,2.08,RU,1597089405,Vilyuysk
435,-31.95,141.43,50.0,76,96,10.29,AU,1597089405,Broken Hill
436,-10.24,-76.65,78.8,39,75,16.11,PE,1597089406,Yanacancha
437,16.89,-24.98,82.4,61,20,17.22,CV,1597089406,Mindelo
438,26.59,127.98,84.0,88,90,8.05,JP,1597089406,Nago
439,4.88,-1.76,75.11,85,97,9.19,GH,1597089406,Takoradze
440,22.03,96.47,67.21,100,100,2.82,MM,1597089406,Pyn U Lwin
441,43.27,-7.54,66.0,89,91,7.0,ES,1597089407,Bereda
442,51.21,17.39,77.0,61,97,3.36,PL,1597089407,Oleśnica
443,46.49,135.88,60.58,100,99,3.38,RU,1597089407,Vostok
444,-12.73,-69.18,91.4,55,40,5.82,PE,1597089407,Tambopata
445,-51.62,-69.22,37.4,51,20,27.51,AR,1597089323,Río Gallegos
446,51.31,119.61,56.68,96,100,4.23,RU,1597089213,Nerchinskiy Zavod
447,48.5,-1.83,70.0,93,85,4.7,FR,1597089408,Arrondissement de Saint-Malo
448,36.96,45.39,70.79,40,0,3.11,IR,1597089408,Naghadeh
449,-19.9,48.8,62.44,82,0,5.41,MG,1597089409,Mahanoro
450,23.91,112.19,77.49,89,100,0.47,CN,1597089409,Huaicheng
451,5.88,38.98,59.81,90,95,2.8,ET,1597089409,Kibre Mengist
452,-20.19,32.62,59.54,41,0,4.65,ZW,1597089409,Chipinge
453,12.77,75.22,75.2,94,90,1.07,IN,1597089409,Puttūr
454,40.6,-77.57,93.2,36,20,5.82,US,1597089410,Lewistown
455,-20.52,57.52,66.2,68,40,6.93,MU,1597089410,Souillac
456,-21.64,-41.05,77.0,65,0,24.16,BR,1597089410,São João da Barra
457,18.69,12.92,97.92,20,98,8.21,NE,1597089411,Bilma
458,61.67,96.37,61.66,62,0,1.54,RU,1597089411,Baykit
459,49.75,-77.63,80.6,61,20,12.44,CA,1597089411,Matagami
460,64.75,177.48,55.4,82,20,4.47,RU,1597089412,Anadyr
461,27.91,-15.54,75.2,69,20,27.51,ES,1597089412,Santa Lucía
462,4.38,-7.72,75.78,83,42,10.96,LR,1597089412,Harper
463,40.8,-124.16,66.0,77,1,6.93,US,1597089343,Eureka
464,44.41,131.38,68.38,93,100,2.35,RU,1597089413,Pogranichnyy
465,40.43,-74.42,96.01,42,3,1.01,US,1597089304,East Brunswick
466,-38.55,-58.74,50.0,56,0,14.0,AR,1597089160,Necochea
467,21.32,-158.01,84.2,58,40,5.82,US,1597089414,‘Ewa Beach
468,-2.57,150.8,81.28,71,7,2.08,PG,1597089414,Kavieng
469,-18.65,-173.98,73.4,73,40,6.93,TO,1597089414,Neiafu
470,28.02,73.3,89.55,62,100,11.77,IN,1597089414,Bikaner
471,5.26,-0.76,73.58,86,1,11.99,GH,1597089415,Mumford
472,11.0,122.67,77.76,83,96,0.36,PH,1597089415,Dingle
473,48.6,-93.4,75.99,38,40,17.22,CA,1597089415,Fort Frances
474,-35.72,150.18,37.0,93,19,4.56,AU,1597089415,Batemans Bay
475,51.32,42.77,60.01,68,22,5.79,RU,1597089415,Kamenka
476,43.41,-124.22,87.01,72,1,17.22,US,1597089163,North Bend
477,-14.53,-75.19,80.24,30,0,8.48,PE,1597089416,Palpa
478,-15.23,-59.34,96.66,18,0,5.39,BR,1597089416,Pontes e Lacerda
479,14.03,-84.59,77.81,94,100,3.2,NI,1597089416,Bonanza
480,39.75,39.5,77.0,44,49,14.99,TR,1597089416,Erzincan Province
481,64.5,-165.41,52.0,76,75,4.7,US,1597089260,Nome
482,-3.77,-61.64,99.03,27,4,2.35,BR,1597089213,Anori
483,65.99,57.53,45.9,94,18,10.45,RU,1597089411,Usinsk
484,32.67,-17.1,75.2,69,20,10.29,PT,1597089417,Ponta do Sol
485,19.7,72.7,80.92,86,100,16.11,IN,1597089417,Shirgaon
486,47.77,-116.79,82.0,27,1,8.05,US,1597089148,Hayden
487,39.24,-76.45,91.99,62,40,6.93,US,1597089418,Edgemere
488,44.38,125.17,69.8,77,1,6.71,CN,1597089418,Nong’an
489,27.92,96.17,76.24,88,100,1.54,IN,1597089418,Tezu
490,46.79,48.01,69.8,37,1,2.24,RU,1597089419,Aksarayskiy
491,-22.0,148.05,50.52,63,0,9.64,AU,1597089419,Moranbah
492,29.58,-9.5,72.09,73,0,2.77,MA,1597089419,Tiznit Province
493,-17.83,-149.27,82.4,65,20,3.36,PF,1597089419,Teahupoo
494,-14.25,129.55,69.8,84,34,1.95,AU,1597089420,Port Keats
495,-5.04,18.82,82.47,46,73,2.64,CD,1597089420,Kikwit
496,46.11,39.42,74.53,39,19,11.1,RU,1597089420,Novoplatnirovskaya
497,-20.01,57.66,64.0,71,2,5.01,MU,1597089420,Grand Gaube
498,59.97,23.43,61.0,78,0,7.47,FI,1597089420,Ekenäs
499,-8.14,159.59,80.64,78,100,7.45,SB,1597089421,Buala
500,46.62,10.7,60.8,100,75,6.93,IT,1597089421,Laas
501,29.97,32.53,79.47,62,100,6.31,EG,1597089421,Suez
502,32.12,20.07,80.38,70,0,9.4,LY,1597089421,Benghazi
503,61.13,74.82,64.08,68,7,7.2,RU,1597089422,Lokosovo
504,-18.77,46.03,61.72,86,0,1.9,MG,1597089422,Tsiroanomandidy
505,-19.98,57.61,64.0,71,0,5.01,MU,1597089422,Cap Malheureux
506,59.24,163.07,54.57,84,100,4.79,RU,1597089422,Ossora
507,6.04,80.22,78.96,88,99,9.01,LK,1597089423,Galle
508,0.6,-80.03,80.6,78,20,10.29,EC,1597089423,Muisne
509,17.02,54.09,78.8,88,75,5.82,OM,1597089423,Salalah
510,6.88,73.1,82.13,77,100,15.12,MV,1597089423,Dhidhdhoo
511,22.93,57.53,89.17,50,16,4.74,OM,1597089424,Nizwá
512,65.44,52.15,45.07,96,1,4.76,RU,1597089424,Ust-Tsilma
513,-3.77,-49.67,89.49,43,29,3.18,BR,1597089424,Tucuruí
514,67.45,153.68,42.69,76,25,5.93,RU,1597089424,Srednekolymsk
515,27.9,102.26,66.99,80,100,0.96,CN,1597089425,Xichang
516,-26.65,15.16,53.6,93,0,10.29,NA,1597089425,Lüderitz
517,-4.67,-73.52,88.97,52,97,0.87,PE,1597089425,Saquena
518,5.65,37.37,59.85,90,97,0.92,ET,1597089425,Gīdolē
519,42.59,-82.92,91.99,66,75,13.87,US,1597089177,Charter Township of Clinton
520,-31.73,-60.52,68.0,19,0,7.0,AR,1597089426,Paraná
521,3.0,99.82,77.81,84,100,3.62,ID,1597089426,Teluk Nibung
522,56.34,114.88,55.94,79,100,1.77,RU,1597089426,Taksimo
523,37.94,22.96,77.0,41,0,1.99,GR,1597089426,Corinth
524,-7.53,-46.04,96.87,20,0,5.21,BR,1597089229,Balsas
525,41.12,-100.77,82.4,48,1,16.11,US,1597089427,North Platte
526,-1.05,-79.62,88.95,46,0,0.45,EC,1597089427,Velasco Ibarra
527,-4.58,-81.27,73.4,64,1,11.41,PE,1597089427,Talara
528,-17.73,-149.15,82.4,65,20,3.36,PF,1597089428,Tautira
529,53.6,91.39,57.2,82,0,3.53,RU,1597089428,Belyy Yar
530,-33.59,22.2,51.8,76,0,9.17,ZA,1597089428,Oudtshoorn
531,13.35,-15.75,76.14,93,100,10.6,GM,1597089428,Nioro
532,41.54,-8.62,69.01,88,100,5.82,PT,1597089345,Barcelos
533,37.72,-25.43,75.2,69,40,14.99,PT,1597089429,Vila Franca do Campo
534,-20.33,-40.29,75.99,69,75,10.29,BR,1597089383,Vila Velha
535,17.33,42.67,86.0,74,20,4.7,SA,1597089429,Jizan
536,51.12,133.02,58.89,94,1,3.33,RU,1597089429,Chegdomyn
537,27.04,14.43,93.6,16,64,5.97,LY,1597089430,Sabha
538,40.43,71.72,78.8,44,40,4.7,UZ,1597089430,Yangi Marg`ilon
539,-37.83,140.77,51.8,76,100,10.29,AU,1597089430,Mount Gambier
540,66.15,-65.71,48.2,81,90,12.75,CA,1597089430,Pangnirtung
541,42.03,-8.16,75.0,67,75,8.99,PT,1597089431,Vila
542,10.62,104.18,82.4,83,40,6.93,KH,1597089431,Kampot
543,-10.26,29.93,55.72,38,0,1.34,ZM,1597089431,Luwingu
544,47.76,-122.34,77.0,46,1,6.85,US,1597089431,Shoreline
545,-3.9,-38.39,82.4,65,20,13.87,BR,1597089431,Aquiraz
546,6.44,7.49,72.84,86,100,5.79,NG,1597089432,Enugu
547,38.93,100.45,73.89,31,23,6.02,CN,1597089432,Zhangye
548,22.93,97.75,69.08,100,96,0.98,MM,1597089432,Lashio
549,-8.75,-67.4,96.84,28,33,2.53,BR,1597089432,Boca do Acre
550,52.63,29.73,63.61,85,32,1.95,BY,1597089433,Forsytheganj
551,2.82,-60.67,87.8,62,40,8.05,BR,1597089433,Boa Vista
552,-0.87,134.08,79.48,72,59,4.47,ID,1597089433,Manokwari
553,1.74,98.78,77.58,74,86,3.78,ID,1597089433,Sibolga
554,43.83,-111.79,81.0,31,1,5.82,US,1597089434,Rexburg
555,47.47,84.87,68.41,46,67,8.86,KZ,1597089434,Zaysan
556,61.13,21.51,64.4,59,29,8.05,FI,1597089434,Rauma
557,26.62,-78.28,87.8,79,75,4.7,BS,1597089434,High Rock
558,60.87,60.42,49.26,96,95,10.85,RU,1597089434,Polunochnoye
559,65.82,87.98,53.62,86,0,3.15,RU,1597089435,Turukhansk
560,68.82,-51.19,46.4,61,40,6.93,GL,1597089435,Qasigiannguit
561,60.75,-137.51,52.43,76,100,7.0,CA,1597089435,Haines Junction
562,-23.13,150.73,46.4,87,0,4.0,AU,1597089436,Yeppoon
563,40.59,23.03,82.99,57,20,4.7,GR,1597089436,Panórama
564,4.92,29.47,68.29,96,90,2.39,SS,1597089436,Maridi
565,44.17,133.86,68.29,92,100,2.08,RU,1597089294,Chuguyevka
566,-23.32,-46.22,80.6,27,47,4.7,BR,1597089437,Santa Isabel
567,7.5,134.62,75.2,94,75,6.91,PW,1597089437,Palau
568,-9.07,-44.36,92.46,26,6,6.82,BR,1597089168,Bom Jesus
569,57.05,-135.33,53.6,87,90,5.82,US,1597089437,Sitka
570,53.6,7.2,78.01,53,20,8.05,DE,1597089438,Norden
571,7.7,28.0,72.45,93,100,1.81,SS,1597089438,Wau
572,6.74,2.66,77.0,88,40,11.41,BJ,1597089438,Sakété
573,-22.67,167.48,68.9,90,83,9.51,NC,1597089438,Vao
